category,n,mean,median,std,iqr,pct_positive,pct_neutral,pct_negative
Beauty,93582,0.558461816374944,0.7876,0.4974244269254476,0.5170999999999999,81.12991814665213,5.840866833365391,13.029215019982477
Sports,94042,0.5597105367814381,0.77895,0.48862476714385483,0.5088999999999999,81.50932562046745,6.192977605750622,12.297696773781928
