category,n,mean,median,std,iqr,pct_positive,pct_neutral,pct_negative
Beauty,94261,0.5558749557080872,0.7845,0.49862214582429565,0.5251000000000001,80.96773851327697,5.856080457453242,13.176181029269793
Sports,95326,0.5579944306904727,0.77685,0.4878481508688565,0.5094000000000001,81.4300400730126,6.344543985901013,12.225415941086377
