bucket,n,accuracy,ci_lo,ci_hi
≤5,12448,0.8232647814910026,0.8165970437017995,0.8299325192802056
6–20,70444,0.8270541139060814,0.8242575662937937,0.8298506615183692
21–50,62507,0.8057817524437263,0.8027100964691954,0.8089014030428592
>50,44188,0.7802118222141758,0.776387254458224,0.7840816511270028
