bucket,n,accuracy,ci_lo,ci_hi
≤5,10622,0.819054791941254,0.8118056863114291,0.8263038975710789
6–20,70288,0.8268552242203505,0.824080924197587,0.8296722057819258
21–50,62469,0.804559061294402,0.8014535209463894,0.8076325857625383
>50,44245,0.7787546615436772,0.7749570572946096,0.7826647078765963
