{
  "rq": "RQ1",
  "question": "How does the distribution of sentiment scores differ between Beauty and Sports & Outdoors reviews?",
  "n_beauty": 94261,
  "n_sports": 95326,
  "descriptives": {
    "Beauty": {
      "n": 94261,
      "mean": 0.5558749557080872,
      "median": 0.7845,
      "std": 0.49862214582429565,
      "iqr": 0.5251000000000001,
      "pct_positive": 80.96773851327697,
      "pct_neutral": 5.856080457453242,
      "pct_negative": 13.176181029269793
    },
    "Sports": {
      "n": 95326,
      "mean": 0.5579944306904727,
      "median": 0.77685,
      "std": 0.4878481508688565,
      "iqr": 0.5094000000000001,
      "pct_positive": 81.4300400730126,
      "pct_neutral": 6.344543985901013,
      "pct_negative": 12.225415941086377
    }
  },
  "mean_ci_beauty_95": [
    0.5526388830216102,
    0.5590596606231634
  ],
  "mean_ci_sports_95": [
    0.5548671249187,
    0.5610810071491513
  ],
  "median_ci_beauty_95": [
    0.784,
    0.7884
  ],
  "median_ci_sports_95": [
    0.7717,
    0.7783
  ],
  "diff_mean_beauty_minus_sports_95ci": [
    -0.006510083777467842,
    0.0023104315628394824
  ],
  "diff_median_beauty_minus_sports_95ci": [
    0.005800000000000027,
    0.013451249999999944
  ],
  "mann_whitney": {
    "U": 4535211928.5,
    "p": 0.000366501005231148,
    "rank_biserial_r": 0.00944850519429119
  },
  "kolmogorov_smirnov": {
    "D": 0.015860129207381668,
    "p": 8.722976920970583e-11
  },
  "cliffs_delta": 0.00944850519429119
}