{
  "rq": "RQ1",
  "question": "How does the distribution of sentiment scores differ between Beauty and Sports & Outdoors reviews?",
  "n_beauty": 93582,
  "n_sports": 94042,
  "descriptives": {
    "Beauty": {
      "n": 93582,
      "mean": 0.558461816374944,
      "median": 0.7876,
      "std": 0.4974244269254476,
      "iqr": 0.5170999999999999,
      "pct_positive": 81.12991814665213,
      "pct_neutral": 5.840866833365391,
      "pct_negative": 13.029215019982477
    },
    "Sports": {
      "n": 94042,
      "mean": 0.5597105367814381,
      "median": 0.77895,
      "std": 0.48862476714385483,
      "iqr": 0.5088999999999999,
      "pct_positive": 81.50932562046745,
      "pct_neutral": 6.192977605750622,
      "pct_negative": 12.297696773781928
    }
  },
  "mean_ci_beauty_95": [
    0.5553222347513412,
    0.5616659840033339
  ],
  "mean_ci_sports_95": [
    0.5566018885444801,
    0.5626915134195359
  ],
  "median_ci_beauty_95": [
    0.7845,
    0.7906
  ],
  "median_ci_sports_95": [
    0.7778,
    0.784
  ],
  "diff_mean_beauty_minus_sports_95ci": [
    -0.005701597321984098,
    0.0031599082649128576
  ],
  "diff_median_beauty_minus_sports_95ci": [
    0.0004999999999999449,
    0.011900000000000022
  ],
  "mann_whitney": {
    "U": 4439285878.0,
    "p": 0.0008933121186583615,
    "rank_biserial_r": 0.008855415717382797
  },
  "kolmogorov_smirnov": {
    "D": 0.014430935529067934,
    "p": 6.484747340113354e-09
  },
  "cliffs_delta": 0.008855415717382797
}