test,stat,p,effect_size,effect_name
Mann-Whitney U,4439285878.0,0.0008933121186583615,0.008855415717382797,rank-biserial r
Kolmogorov-Smirnov,0.014430935529067934,6.484747340113354e-09,0.008855415717382797,Cliff's delta
