test,stat,p,effect_size,effect_name
Mann-Whitney U,4535211928.5,0.000366501005231148,0.00944850519429119,rank-biserial r
Kolmogorov-Smirnov,0.015860129207381668,8.722976920970583e-11,0.00944850519429119,Cliff's delta
