category,mk_trend,mk_p,mk_tau,sens_slope_per_year,ols_coef_year,ols_p,ols_ci_lo,ols_ci_hi
Beauty,no trend,0.11785089502136503,-0.4444444444444444,-0.0053608936733422555,-0.005760277589945112,6.008268244757755e-20,-0.0069946742333219306,-0.004525880946568294
Sports,no trend,0.34808262363292397,-0.2777777777777778,-0.0029098908952275068,-0.003593110160441437,4.387483598448812e-09,-0.004792964490823703,-0.002393255830059171
