category,mk_trend,mk_p,mk_tau,sens_slope_per_year,ols_coef_year,ols_p,ols_ci_lo,ols_ci_hi
Beauty,no trend,0.17530808080827365,-0.3888888888888889,-0.004542670838388316,-0.005091925780614434,6.36222703776001e-16,-0.006326538161156412,-0.0038573134000724563
Sports,no trend,0.34808262363292397,-0.2777777777777778,-0.0031691030066236473,-0.0038575079586449235,4.238807069530122e-10,-0.005068061360252906,-0.002646954557036941
