term,coef,p,ci_lo,ci_hi
Intercept,10.839097348055244,8.171252732664883e-18,8.368251718514808,13.30994297759568
C(category)[T.Sports],-2.490946817919415,0.16194797341333794,-5.981832641182354,0.9999390053435238
year,-0.0050919257806132726,3.5121607030759815e-16,-0.006315717076971166,-0.0038681344842553794
year:C(category)[T.Sports],0.001234417821968179,0.16171723804575822,-0.0004945803053476641,0.0029634159492840225
