year,U,p_raw,p_adj,significant_adj
2015,57077089.5,3.0162578484041587e-09,2.714632063563743e-08,True
2016,57438374.5,4.3623863869447495e-06,3.4899091095557996e-05,True
2017,55159767.0,0.21474313671264045,1.0,False
2018,55717548.0,0.28836465553380575,1.0,False
2019,55514103.0,0.16356113433880848,0.9813668060328509,False
2020,55841419.0,0.6858054254915638,1.0,False
2021,55584543.0,0.8379065543041002,1.0,False
2022,56968208.0,0.06953755075382721,0.4867628552767905,False
2023,54698362.0,0.49990121225961315,1.0,False
