term,coef,p,ci_lo,ci_hi
Intercept,12.185867526638301,3.4713901914042576e-22,9.720247456878193,14.65148759639841
C(category)[T.Sports],-4.373352472325582,0.013641996022394394,-7.848478577260246,-0.8982263673909179
year,-0.005760277589947923,2.3768460332295967e-20,-0.006981485976119105,-0.004539069203776742
year:C(category)[T.Sports],0.0021671674295081792,0.013595446846299404,0.0004459603809774792,0.0038883744780388793
