{
  "rq": "RQ3",
  "question": "How well do star ratings and VADER sentiment scores agree?",
  "spearman_overall": {
    "rho": 0.5104343894620104,
    "p": 0.0,
    "ci_lo": 0.50709815863726,
    "ci_hi": 0.5137553244367459,
    "n": 189587
  },
  "spearman_per_category": {
    "Beauty": {
      "rho": 0.5278628633205107,
      "p": 0.0,
      "ci_lo": 0.5232422292622229,
      "ci_hi": 0.5324524607361879,
      "n": 94261
    },
    "Sports": {
      "rho": 0.4929357553166767,
      "p": 0.0,
      "ci_lo": 0.4881150715896946,
      "ci_hi": 0.4977263633613571,
      "n": 95326
    }
  },
  "classification_overall": {
    "accuracy": 0.8088740261726807,
    "macro_f1": 0.5423505668017278,
    "kappa_quadratic": 0.5966303116837419,
    "per_class": {
      "negative": {
        "precision": 0.6716374511921576,
        "recall": 0.5397943513387193,
        "f1": 0.5985414970015548,
        "support": 29954
      },
      "neutral": {
        "precision": 0.13537344398340248,
        "recall": 0.11464968152866242,
        "f1": 0.12415269354263289,
        "support": 13659
      },
      "positive": {
        "precision": 0.8809444931631427,
        "recall": 0.9290490087275817,
        "f1": 0.9043575098609958,
        "support": 145974
      }
    },
    "n": 189587
  },
  "classification_per_category": {
    "Beauty": {
      "accuracy": 0.8064841238688323,
      "macro_f1": 0.5445015454465175,
      "kappa_quadratic": 0.6039730566223671,
      "per_class": {
        "negative": {
          "precision": 0.6955716586151369,
          "recall": 0.538557446543233,
          "f1": 0.6070763500931099,
          "support": 16041
        },
        "neutral": {
          "precision": 0.14003623188405798,
          "recall": 0.1105865522174535,
          "f1": 0.12358113509192646,
          "support": 6990
        },
        "positive": {
          "precision": 0.8727348960312364,
          "recall": 0.9351116102765689,
          "f1": 0.9028471511545161,
          "support": 71230
        }
      },
      "n": 94261
    },
    "Sports": {
      "accuracy": 0.8112372280385205,
      "macro_f1": 0.5398585427671057,
      "kappa_quadratic": 0.5884008919381828,
      "per_class": {
        "negative": {
          "precision": 0.6461300840912991,
          "recall": 0.5412204413138791,
          "f1": 0.589040560097,
          "support": 13913
        },
        "neutral": {
          "precision": 0.13111772486772486,
          "recall": 0.1189083820662768,
          "f1": 0.1247149484941417,
          "support": 6669
        },
        "positive": {
          "precision": 0.8890162836236215,
          "recall": 0.9232714331585143,
          "f1": 0.9058201197101754,
          "support": 74744
        }
      },
      "n": 95326
    }
  },
  "majority_class_baseline_overall": {
    "majority_class": "positive",
    "baseline_accuracy": 0.7699578557601523
  },
  "majority_class_baseline_per_category": {
    "Beauty": {
      "majority_class": "positive",
      "baseline_accuracy": 0.7556677735224536
    },
    "Sports": {
      "majority_class": "positive",
      "baseline_accuracy": 0.7840882865115498
    }
  },
  "chi2_agreement_by_category": {
    "chi2": 6.8953915816218885,
    "p": 0.008641823139468704,
    "beauty_accuracy": 0.8064841238688323,
    "sports_accuracy": 0.8112372280385205
  },
  "agreement_by_length": [
    {
      "bucket": "\u22645",
      "n": 12448,
      "accuracy": 0.8232647814910026,
      "ci_lo": 0.8165970437017995,
      "ci_hi": 0.8299325192802056
    },
    {
      "bucket": "6\u201320",
      "n": 70444,
      "accuracy": 0.8270541139060814,
      "ci_lo": 0.8242575662937937,
      "ci_hi": 0.8298506615183692
    },
    {
      "bucket": "21\u201350",
      "n": 62507,
      "accuracy": 0.8057817524437263,
      "ci_lo": 0.8027100964691954,
      "ci_hi": 0.8089014030428592
    },
    {
      "bucket": ">50",
      "n": 44188,
      "accuracy": 0.7802118222141758,
      "ci_lo": 0.776387254458224,
      "ci_hi": 0.7840816511270028
    }
  ],
  "mismatch_counts": {
    "Beauty": {
      "high_star_low_vader": 725,
      "low_star_high_vader": 2896
    },
    "Sports": {
      "high_star_low_vader": 806,
      "low_star_high_vader": 2383
    }
  }
}