{
  "rq": "RQ3",
  "question": "How well do star ratings and VADER sentiment scores agree?",
  "spearman_overall": {
    "rho": 0.5101622718259216,
    "p": 0.0,
    "ci_lo": 0.5068073381392094,
    "ci_hi": 0.5135017520678778,
    "n": 187624
  },
  "spearman_per_category": {
    "Beauty": {
      "rho": 0.525309120146581,
      "p": 0.0,
      "ci_lo": 0.5206544828171346,
      "ci_hi": 0.5299325308898633,
      "n": 93582
    },
    "Sports": {
      "rho": 0.49498625344400343,
      "p": 0.0,
      "ci_lo": 0.49014559225103416,
      "ci_hi": 0.499796383411804,
      "n": 94042
    }
  },
  "classification_overall": {
    "accuracy": 0.8076472093122415,
    "macro_f1": 0.5414253403951427,
    "kappa_quadratic": 0.5918883014347288,
    "per_class": {
      "negative": {
        "precision": 0.6729522687094873,
        "recall": 0.5344118728482133,
        "f1": 0.5957335817419656,
        "support": 29917
      },
      "neutral": {
        "precision": 0.13817537643932684,
        "recall": 0.11455426641210163,
        "f1": 0.12526096033402923,
        "support": 13618
      },
      "positive": {
        "precision": 0.878159081375839,
        "recall": 0.9298836135999278,
        "f1": 0.9032814791094332,
        "support": 144089
      }
    },
    "n": 187624
  },
  "classification_per_category": {
    "Beauty": {
      "accuracy": 0.8048556346305914,
      "macro_f1": 0.5434152139913379,
      "kappa_quadratic": 0.597729991201819,
      "per_class": {
        "negative": {
          "precision": 0.6985155417042566,
          "recall": 0.53125,
          "f1": 0.6035075287865368,
          "support": 16032
        },
        "neutral": {
          "precision": 0.14270032930845225,
          "recall": 0.11181192660550458,
          "f1": 0.12538177141938595,
          "support": 6976
        },
        "positive": {
          "precision": 0.86960473110915,
          "recall": 0.9355144954232437,
          "f1": 0.9013563417680908,
          "support": 70574
        }
      },
      "n": 93582
    },
    "Sports": {
      "accuracy": 0.8104251291975926,
      "macro_f1": 0.5391373069178846,
      "kappa_quadratic": 0.5853505487173885,
      "per_class": {
        "negative": {
          "precision": 0.6460008646779075,
          "recall": 0.5380626575441123,
          "f1": 0.5871119842829077,
          "support": 13885
        },
        "neutral": {
          "precision": 0.13392857142857142,
          "recall": 0.11743450767841011,
          "f1": 0.125140381838601,
          "support": 6642
        },
        "positive": {
          "precision": 0.8866319648285129,
          "recall": 0.9244779976875468,
          "f1": 0.9051595546321454,
          "support": 73515
        }
      },
      "n": 94042
    }
  },
  "chi2_agreement_by_category": {
    "chi2": 9.329817511893287,
    "p": 0.002254548058995625,
    "beauty_accuracy": 0.8048556346305914,
    "sports_accuracy": 0.8104251291975926
  },
  "agreement_by_length": [
    {
      "bucket": "\u22645",
      "n": 10622,
      "accuracy": 0.819054791941254,
      "ci_lo": 0.8118056863114291,
      "ci_hi": 0.8263038975710789
    },
    {
      "bucket": "6\u201320",
      "n": 70288,
      "accuracy": 0.8268552242203505,
      "ci_lo": 0.824080924197587,
      "ci_hi": 0.8296722057819258
    },
    {
      "bucket": "21\u201350",
      "n": 62469,
      "accuracy": 0.804559061294402,
      "ci_lo": 0.8014535209463894,
      "ci_hi": 0.8076325857625383
    },
    {
      "bucket": ">50",
      "n": 44245,
      "accuracy": 0.7787546615436772,
      "ci_lo": 0.7749570572946096,
      "ci_hi": 0.7826647078765963
    }
  ],
  "mismatch_counts": {
    "Beauty": {
      "high_star_low_vader": 719,
      "low_star_high_vader": 2993
    },
    "Sports": {
      "high_star_low_vader": 809,
      "low_star_high_vader": 2433
    }
  }
}